{
    "device_type": "D435i",
    "imus": [
        {
            "accelerometer": {
                "bias": [
                    -0.16373989788580723,
                    -0.05987075657584667,
                    -0.08941715691137285
                ],
                "scale_and_alignment": [
                    1.0058780329597705,
                    0.005506216209645253,
                    0.031279443576638276,
                    -0.0037384195900701488,
                    1.0061073764547424,
                    0.0072815350583943506,
                    0.0038561232685043155,
                    0.02204653416293767,
                    1.0013042680057467
                ]
            },
            "gyroscope": {
                "bias": [
                    -0.002414722579538852,
                    0.003449478518614269,
                    -0.002537386282440649
                ],
                "scale_and_alignment": [
                    1.0,
                    0.0,
                    0.0,
                    0.0,
                    1.0,
                    0.0,
                    0.0,
                    0.0,
                    1.0
                ]
            }
        }
    ]
}